"","Neu","NK","Bcell","CD4T","CD8T","Mono"
"cg13699412",0.109681512849615,0.862331175861754,0.880926334124742,0.885126855721934,0.88865052216963,0.854622427008072
"cg14054880",0.152609256145824,0.879910423227292,0.879496289571631,0.877752796882083,0.905325058372039,0.888039493674395
"cg01899759",0.129982125060406,0.88302426478659,0.88770484878364,0.891431040439412,0.902962772636691,0.846440549149662
"cg27557168",0.128445010472672,0.889979425642196,0.909067171059541,0.896783454167823,0.899753265863445,0.857737578322464
"cg16649792",0.109508362636789,0.862504660930402,0.868879541404435,0.877606090386376,0.893625684568514,0.784196559785604
"cg25576801",0.147801508553743,0.810687400180871,0.85547467786579,0.841721210981638,0.83060429307952,0.847099712075329
"cg04206190",0.195071843842229,0.872765197718469,0.879042480071346,0.873086023750193,0.874407555593206,0.831637810538514
"cg02735685",0.198168840779536,0.861886383013627,0.860722400535166,0.862465724064491,0.868068145478584,0.816593271891562
"cg19260752",0.252632936794435,0.867321583990369,0.882147820617116,0.888633684412384,0.891779298719403,0.886162971049113
"cg11386978",0.229343937150329,0.876665508451058,0.90403365782643,0.869516322807255,0.864748175633339,0.883452739319897
"cg01530292",0.139721190605755,0.823563998538264,0.843023686927787,0.863204388567221,0.867014036794396,0.734989996363847
"cg03865101",0.0862750419414447,0.709931139953764,0.815484470811618,0.863095328830994,0.860660380970192,0.813620010482773
"cg04449166",0.815217372222778,0.138718957197566,0.0567622995350599,0.181607231377315,0.158228647571418,0.149774408942089
"cg20246452",0.117749040827939,0.881345193134525,0.903613489743906,0.904289030352607,0.90039816972129,0.744724618898416
"cg04100356",0.0926565481415641,0.773006121700685,0.858378641182621,0.792905926014577,0.868954784442011,0.699470409379864
"cg25074794",0.197051087049955,0.920353573639412,0.943259819281964,0.933305116215217,0.938216423372298,0.832449924424404
"cg27305893",0.176484441979299,0.850027981839475,0.873120483631568,0.868800414391605,0.861177609013554,0.773298258770572
"cg26390455",0.153780931647081,0.767136136163366,0.8794962932201,0.878867521734924,0.875214338562968,0.744467531802485
"cg09694051",0.19639221658614,0.871624514362427,0.826543125194452,0.866406539011045,0.874158183361021,0.785069211244504
"cg20203469",0.32005927364106,0.879004475359642,0.89386155961255,0.888288556229696,0.891099574396568,0.875702541212388
"cg11091478",0.206398875322872,0.877989591576149,0.891729360287564,0.899370024523162,0.907854968431098,0.774752917275444
"cg01044849",0.288176701017661,0.867706575946497,0.880428608106994,0.890433258704102,0.887216843107752,0.857365557857616
"cg24392753",0.193760623282255,0.89081226300394,0.905672760081429,0.896503459898267,0.904531042499651,0.795422624125889
"cg14863672",0.149950630067455,0.738874073264868,0.865288668339525,0.841761571636996,0.83335999860767,0.788434418339628
"cg14836884",0.286012979699563,0.843642810286816,0.857427569987301,0.869174809049031,0.873865221443106,0.836097939870482
"cg17540105",0.24278935218373,0.815711776642714,0.842472485175317,0.837362529810057,0.839151246696995,0.786006658618246
"cg19423170",0.23818860272133,0.90244194219877,0.90414850946484,0.910621814906195,0.903917132102429,0.84401140404023
"cg16275316",0.121770707259958,0.8346975952763,0.844059439091598,0.835304521129496,0.849387238761031,0.662853621534956
"cg18279004",0.188171371999819,0.81803465427927,0.822504288734248,0.835725430263585,0.829826665616238,0.7529010522802
"cg19983500",0.27019055274975,0.820075993538677,0.901384816977656,0.90677776733163,0.903825938279087,0.838906404003796
"cg13571698",0.257775953363296,0.846020661581254,0.809394028805619,0.825195746927688,0.829886745668373,0.833499856317111
"cg06230847",0.405052134222083,0.920876984321809,0.929665330006897,0.929575331122247,0.930664418532792,0.935596198739477
"cg22528063",0.210941418852069,0.851222731424771,0.861903093078177,0.877209778030497,0.86157630980457,0.759170991848952
"cg10650269",0.151757287175603,0.765880354915976,0.774127524372637,0.768454985400444,0.750836452274936,0.66853782565125
"cg09529591",0.283762429056184,0.808999994179746,0.823717144243051,0.804858476140424,0.822025114504942,0.807844871651991
"cg04036920",0.303082773316024,0.885681225066729,0.897951688092524,0.894996354771202,0.903625280636593,0.820823145288625
"cg11155735",0.366984338501547,0.868733307341024,0.905534358100961,0.89982414037912,0.89778041481162,0.891520498576635
"cg05568737",0.124575658273553,0.865874872192846,0.890598414771707,0.884845630361723,0.861475665276175,0.63668422833913
"cg13785123",0.275044902331089,0.97119064435771,0.975027239664265,0.977674289483006,0.973125443249407,0.796050668409555
"cg16509045",0.115044521878493,0.688612003598279,0.73040632898148,0.62513565307908,0.719356200784173,0.607010455668897
"cg15595478",0.147488426968809,0.684361667020554,0.721940732838995,0.733809895457075,0.713556169751797,0.673750055671342
"cg26065310",0.232294592617626,0.885919601127413,0.89401691554241,0.901717065259262,0.901845609326235,0.731467249788884
"cg04855678",0.0780586394291736,0.833046795310847,0.922359148575598,0.940439056155363,0.943832088623206,0.59475211411808
"cg13996193",0.17505264974908,0.899395392361421,0.887754568238207,0.900484696354892,0.897199490597261,0.721451084857013
"cg07319315",0.287539222003538,0.88037947645161,0.792391183283785,0.831456553487386,0.871132409331173,0.876726968642688
"cg23588378",0.127101584249799,0.872309306667367,0.652319637445714,0.879490732013182,0.874812424968059,0.631082141370691
"cg15891546",0.0946295680276739,0.653750786520125,0.756873635775699,0.859359531300939,0.85652552545514,0.578724577339134
"cg26306976",0.329780719556093,0.837833792058319,0.82967699453912,0.875524229620738,0.83216832912396,0.873457916345584
"cg12688686",0.149755040779634,0.749595523562696,0.81804188386485,0.683699688775523,0.701546028831772,0.635117709900023
"cg27420834",0.439609204810567,0.909758055280955,0.910281572228137,0.907758899253438,0.911557777609602,0.91415604852611
"cg26262442",0.434559453199281,0.939829393996715,0.944401082262753,0.946904740121716,0.947633503003229,0.912387796887926
"cg06398054",0.0945924253423488,0.903218809344632,0.914778133721923,0.91886756968215,0.915322730402999,0.608344115269885
"cg21090866",0.249152016694007,0.907710996595708,0.914569205092885,0.918779373405975,0.86919364616988,0.8931687382345
"cg25757820",0.227224564196727,0.877717169484496,0.885171332454928,0.893910496389553,0.891741322370429,0.712841827627883
"cg18497973",0.207293127262115,0.80294489586238,0.771380298474371,0.834088866412489,0.817667708890239,0.693087218983114
"cg22523050",0.169040644327632,0.798967615148895,0.721101795098624,0.683608826228157,0.666508914663512,0.66708211799141
"cg14861383",0.282969984294705,0.876953798361864,0.86952286496046,0.82588920022164,0.868875712745257,0.767865584768499
"cg16023546",0.127743985895836,0.882968624755247,0.865671520375992,0.886346192602166,0.894124535765219,0.636286884872766
"cg08220243",0.458204240007873,0.926213830459417,0.915485978440628,0.912385545973361,0.919333559079577,0.920907458182218
"cg20062681",0.233864182116349,0.871196299393657,0.752375052433254,0.880424260728676,0.888058759054998,0.697643666020702
"cg14181409",0.208842094353424,0.811678138289372,0.771294756298513,0.776683638284956,0.774478506496258,0.679469352824126
"cg04185197",0.117173535694615,0.904879783430556,0.902236643696751,0.896968286757148,0.901156393302026,0.588570634214323
"cg24353653",0.101702165313208,0.561295927204808,0.743703208024497,0.579873741721276,0.767730236153492,0.666208898954994
"cg09373725",0.419812491770954,0.894093720701588,0.894696261049317,0.88996455445982,0.891734953998454,0.866659795645926
"cg14249520",0.313827714553553,0.868807621762378,0.892204685536816,0.887628328713862,0.898180436806647,0.810035285775762
"cg11028738",0.279570711198534,0.865496712220053,0.893545609742893,0.881616765117207,0.875863222226594,0.746336402066528
"cg16107565",0.295284629123965,0.91653054470564,0.916070571052054,0.910897889377632,0.915825910524389,0.78296296429351
"cg17226676",0.266207637127851,0.84895089053567,0.853969877754193,0.748478913745883,0.85534407004231,0.725890897704305
"cg09561072",0.427331867044766,0.872433156027779,0.875636330669853,0.874239612061328,0.87922946157506,0.864083291456323
"cg21762695",0.108089060307166,0.793035699561159,0.785616298388682,0.773506226735027,0.741780335104385,0.573080266389041
"cg04453169",0.243661574264418,0.831144405066327,0.826697286182605,0.838355613993556,0.828504485522385,0.692034769555409
"cg13079571",0.2340382182547,0.873349471732084,0.884104782263203,0.874959161019655,0.883896871468167,0.674610089487641
"cg06494464",0.380621743529593,0.845873892454356,0.836216440791179,0.844117290292726,0.846517738247414,0.818620466772569
"cg05843639",0.458051709542689,0.899128363102091,0.906964670852597,0.922227603494869,0.924881535668824,0.900684173442787
"cg20240944",0.459268079140152,0.906892324636769,0.905932360836152,0.898983040060518,0.903992747619721,0.899125918939364
"cg25043129",0.330678406486799,0.838587594369413,0.85158275036063,0.852323450649766,0.843360492911297,0.770931712660893
"cg17266935",0.208637632410318,0.867129557258456,0.871406397820286,0.870412959205571,0.882596174232327,0.661296832427656
"cg17500342",0.299948397148127,0.885587559438787,0.88800792762948,0.89823229365971,0.892187674608708,0.76057892291729
"cg22730522",0.108670081530345,0.82708991861879,0.838230264756111,0.802301411217179,0.817167620270594,0.55342366077972
"cg20401041",0.384318984063807,0.810101680302926,0.817619717946516,0.83307374896948,0.839977206318068,0.805910551453034
"cg15410418",0.256889887189184,0.797388384671554,0.818475122944075,0.7463760776049,0.715333873513047,0.803158722017018
"cg11788604",0.205873878717678,0.89073470029983,0.854621009835722,0.8659489575648,0.844704588238464,0.645429950120299
"cg13610659",0.515883237157441,0.971086079566496,0.968692454319379,0.971095125304194,0.975837778779923,0.937246769152995
"cg08730245",0.3403882552616,0.859122716429719,0.866226979366902,0.86926696957849,0.877236685539878,0.763859045114434
"cg21603432",0.16502440245357,0.827460281143444,0.852967408953826,0.865537821195335,0.846580437700721,0.596890007903095
"cg16291589",0.356522828522584,0.880201148765759,0.877982694275613,0.882110550969126,0.880560584214741,0.782080569000311
"cg12916774",0.13768484927119,0.718449006887894,0.677716854287756,0.620156401637449,0.636798545921472,0.555764818631578
"cg22736056",0.326707084610286,0.813969868448839,0.786744539503076,0.749507380220509,0.768326573838337,0.89238761228809
"cg15251256",0.359901535199215,0.854811390646463,0.791717598155952,0.896760725749606,0.887572066948246,0.871047462518662
"cg13740036",0.358946903147924,0.823814881694535,0.834220191526286,0.815827168762465,0.79714551766131,0.823821955399589
"cg12591090",0.448010731323833,0.856124866413992,0.873970873526704,0.880572876946289,0.86818448639051,0.868082867349451
"cg24568311",0.387978462862827,0.844487188615222,0.820742403153732,0.814177307626737,0.795307116643597,0.848957528088021
"cg25758699",0.450397070083374,0.897520813004661,0.867365352937538,0.890415526077677,0.895228766668742,0.893354813933457
"cg05722458",0.101949806882202,0.728845356825737,0.770886282862546,0.797210055698404,0.740148492075578,0.502616981337091
"cg09938516",0.124004312540957,0.764370649951372,0.638765154536459,0.777152896606801,0.761663031294124,0.554131186797502
"cg09482891",0.145179124234765,0.789045410542999,0.748724246141556,0.699003849699157,0.660898442264275,0.592342369996953
"cg06078093",0.788360803311733,0.281714032508593,0.29009030946395,0.177893260796812,0.26461907686842,0.175953988218569
"cg07327489",0.612352277401465,0.0817356053184314,0.055389103106907,0.19075282164523,0.152694117973998,0.094283965891484
"cg16087015",0.126917704857358,0.871475231774949,0.877518443586869,0.903715886473659,0.911211164780371,0.557502636435582
"cg07496207",0.186878776257506,0.816676590961972,0.831456709508591,0.848011684034888,0.848351678521562,0.602072518765367
"cg12500857",0.935500079102088,0.175297527651276,0.84105280496854,0.918220746601149,0.91313963713382,0.926845687398073
"cg14047092",0.881239865314449,0.143831710691628,0.888014988910422,0.852089145911061,0.794738453000106,0.889564801691848
"cg15034150",0.855839730616975,0.245255886526866,0.832270583823479,0.859759808273075,0.869168506297467,0.868907879311071
"cg19688999",0.941356602411787,0.218647078114501,0.914170027560513,0.904994119668933,0.82449072450616,0.926052378591069
"cg12141898",0.868701918146995,0.23714654705489,0.870799850485859,0.841167119792268,0.848478158608852,0.814992773088412
"cg22015486",0.876698628361241,0.216505058146821,0.826714214060621,0.838961527172986,0.79118782828231,0.84869832916901
"cg15705930",0.893761482864239,0.271714031238137,0.889610859821592,0.878384889216698,0.819181152622019,0.873615001110715
"cg19678940",0.871923178188694,0.294072429125988,0.867693526076085,0.867189392482506,0.850753138454067,0.874929805867683
"cg25846372",0.822493396385788,0.279510649077906,0.85612420029668,0.861520031792507,0.866616259345318,0.833579923183375
"cg13620110",0.922181648288999,0.311452389937664,0.914443073480229,0.885637879116566,0.88447247174848,0.895390732636066
"cg18999855",0.852402427507156,0.162128361656622,0.75858109717212,0.808965050363942,0.755124762897451,0.849924720540988
"cg07543798",0.911874987620385,0.361222832656067,0.908212791842041,0.912007879610327,0.904814113034878,0.918188008848385
"cg07593542",0.908872154526958,0.342408553789952,0.873064345676856,0.881229331166645,0.875671500433408,0.901995579898132
"cg00948513",0.876841332644741,0.175343564957171,0.873435056170357,0.834627697777799,0.733731532008748,0.868348918262563
"cg01214376",0.901746665921879,0.155295176977096,0.847058806063708,0.794984346268446,0.726055438176246,0.85799890630578
"cg15872094",0.877647653086833,0.332460596881329,0.875088151931337,0.871407697876248,0.853600303909998,0.883755718106483
"cg11790417",0.857477375352543,0.325670527867431,0.864889681154865,0.862986652585366,0.857640968224283,0.848702628132717
"cg04992852",0.901915134951417,0.350882532885681,0.903249370043489,0.898325456321997,0.871672285425834,0.889469315241266
"cg01291375",0.830491046095983,0.237864275760611,0.834971166486421,0.808181981991924,0.760345246348552,0.821694150451848
"cg06588802",0.862139115778784,0.156077254686863,0.876786795729297,0.69185317620749,0.695406000590205,0.87109578784717
"cg15703314",0.888397111580954,0.319276927011036,0.879035564155662,0.865654538827506,0.825799359982204,0.889915321356403
"cg13050144",0.860188987191841,0.30364981355319,0.821235314972667,0.802901109536342,0.86861605694519,0.872806936674225
"cg03034148",0.848116492198745,0.35644776072359,0.864954466518767,0.856043073586804,0.86166889400429,0.859452674607286
"cg19261633",0.92780503684151,0.199423549125608,0.913878111289395,0.875186758426277,0.718802168653429,0.925017380300045
"cg25015416",0.749901259552952,0.24734136094589,0.742110546969097,0.78989322357421,0.765690387709598,0.750216204227163
"cg14563201",0.899432085727566,0.221097489422999,0.867223878750027,0.87075779461498,0.773195039267799,0.894530426810221
"cg12345742",0.842536501138844,0.24628034939808,0.783402696908546,0.791377785597976,0.738626576717449,0.844932872245065
"cg04747996",0.83221150154432,0.29115425181879,0.789382515444621,0.799359433597643,0.780205202463896,0.846076415881181
"cg02250581",0.849496290066241,0.177958200475293,0.819665221853296,0.783059830738658,0.679852035053639,0.766203402917386
"cg16316183",0.688720061621008,0.180711872903728,0.879220172245786,0.889605038291941,0.877437188605673,0.850645864829853
"cg13828440",0.849629080638404,0.145875435954511,0.773840954804651,0.77531815128953,0.714481243086757,0.848206730035222
"cg22294864",0.838276677283921,0.277206901792351,0.860309037226702,0.849266898666802,0.782360349852422,0.848477751160953
"cg11380366",0.696490595658415,0.184515682596546,0.67558724784236,0.78412885917926,0.735885188367566,0.800263001087113
"cg14318180",0.895501578436077,0.351557970001632,0.881200806397244,0.835832862352704,0.838876418020586,0.875661775566499
"cg26389716",0.876661416551283,0.335893851846421,0.880256761646182,0.820259580713434,0.826043234102611,0.86818812347034
"cg06572103",0.852463801437271,0.352871130866316,0.868069119214721,0.84977677860025,0.822272766507578,0.861072037986846
"cg07843309",0.881328029516988,0.334512945764049,0.864442633835358,0.842562343867421,0.807613903737056,0.879980744946822
"cg00656410",0.88441320890437,0.390692304365642,0.896310411344776,0.893560009967843,0.872471511193615,0.910083023534314
"cg10263304",0.89234898594066,0.382788434587802,0.877845823526933,0.87527688218642,0.855919218784325,0.879370772586587
"cg21125628",0.871326752414189,0.216635306397952,0.850299218477024,0.749546045099782,0.674238176174825,0.8814438415805
"cg01912119",0.795419696534958,0.169444970481722,0.630701429043466,0.793415484100811,0.706901989242392,0.803915949630636
"cg27073488",0.802005277168487,0.164119229687489,0.78281672800499,0.674205274276775,0.626449688696859,0.794645534483217
"cg25270899",0.878929844162335,0.415231525480086,0.874063305190141,0.871896688929626,0.883678022077046,0.886845866968829
"cg08870473",0.905204099136757,0.372686386776706,0.88025292034612,0.83365905744919,0.852765439679916,0.886729456901345
"cg22106433",0.901257456798926,0.156538891773103,0.865129661616805,0.775491882191621,0.669763421043157,0.901490398608873
"cg17139858",0.726080569793429,0.264611075235315,0.789662766352504,0.816777685217804,0.81167133966646,0.762592081103316
"cg18881723",0.0897927985133658,0.626996292527915,0.0654914338162427,0.0661814928167249,0.149317328560135,0.0697873953219145
"cg06353036",0.807731181355321,0.131779259163282,0.80372366877738,0.787349931343002,0.637425755534956,0.818501828235585
"cg08985282",0.865765689288129,0.168611552882056,0.788541530456919,0.8049581716037,0.643658044835742,0.864474977975254
"cg09726355",0.71549237220482,0.173870098072634,0.675826413735937,0.697493680900586,0.692810716868196,0.689153168477849
"cg14259466",0.907390874878625,0.44309470325351,0.915233134040457,0.928175566063543,0.950736869651387,0.937397855095251
"cg12711889",0.874305779259107,0.219317973913527,0.669947282713928,0.847202189429111,0.847735301515404,0.850219184112297
"cg00829063",0.900831677753929,0.179043152034982,0.901034576146842,0.670817178823222,0.832735328635226,0.897577748689946
"cg11944324",0.861993655228036,0.411988044500431,0.873901349911491,0.843002124280685,0.848665138531043,0.864984291140913
"cg24188561",0.877326386441696,0.389758511391502,0.877872718697331,0.847806464288606,0.836271951479641,0.888825627021042
"cg26088614",0.90207573124686,0.317453531044011,0.897156135180554,0.867502642433177,0.785392009409833,0.893172634021937
"cg26585931",0.894322910424915,0.318166179239583,0.872258392501065,0.824517883086105,0.755712346393843,0.881292710992568
"cg10170504",0.855526317492505,0.323069547809411,0.797685252118055,0.875661700656553,0.85624194874067,0.858695599452762
"cg08786079",0.837439249494607,0.171910051863756,0.785267912283326,0.799970088007492,0.678445302927307,0.835010538625576
"cg15724729",0.905288114918818,0.425157871355806,0.903341478205241,0.913620168675088,0.869474963158819,0.907549631678988
"cg13707793",0.9807099463618,0.533278083352697,0.958989127619936,0.984080600665234,0.987049555838057,0.983555007252457
"cg10337966",0.925432540233842,0.422680305461527,0.923407707269134,0.921569186778064,0.872061027915119,0.932044326328142
"cg16093957",0.763647703861452,0.266280433738285,0.823740643438698,0.760886327917458,0.702171291222738,0.76207946955586
"cg09419791",0.810475778260156,0.28922226386473,0.727285560115783,0.793220294810054,0.760482628610991,0.784104362380768
"cg00805874",0.951573953083336,0.1350299792212,0.969145660949347,0.93439057057702,0.633845333873412,0.959891828780241
"cg02993324",0.881061945445878,0.343124353312429,0.88246980358182,0.851253462715148,0.782929495151159,0.868643406308967
"cg27278740",0.849696196735033,0.393934165666406,0.812419374063665,0.841272022372148,0.82611535880301,0.836350245743134
"cg09279679",0.951131107535172,0.51094295041499,0.941842074728101,0.944669266698235,0.923454263695304,0.94404950283732
"cg17656094",0.898109377653005,0.475784831593675,0.907853189746868,0.902510776028053,0.912732245256636,0.912230575886789
"cg15241779",0.86208660493513,0.158023826122978,0.857536590879072,0.810100534951783,0.6404133096164,0.873515357768619
"cg22130673",0.773163428898755,0.310078324179037,0.844871442173586,0.796697258813399,0.785259141588984,0.755670075538145
"cg10539191",0.869500355623414,0.456482273399744,0.872926906339761,0.870003487820081,0.883704533896264,0.875618856778805
"cg00095248",0.783676877621551,0.339462627964089,0.783473977539563,0.840297518144273,0.823140886387417,0.825638488817934
"cg23435567",0.882982412285036,0.461590941192406,0.878419687775922,0.873364290722546,0.875540242237143,0.879478323165645
"cg09875326",0.841732546052496,0.434394148346875,0.887518412603014,0.872071681701581,0.843729792148423,0.881162297347416
"cg01749467",0.874859010690828,0.395867313529559,0.857634787225076,0.840136287494552,0.841100326625492,0.825789893054143
"cg06296597",0.778199640884182,0.372412125811843,0.928922413962587,0.914249181938948,0.852549565610981,0.801407724379053
"cg23617121",0.819143486481919,0.422442150032569,0.872653474354149,0.863552226382625,0.842142218771826,0.868762926698708
"cg12152284",0.828188441570327,0.223189965023488,0.72429992076551,0.66840531431833,0.657344782533404,0.791101490707788
"cg20699157",0.861729165016711,0.347244186379933,0.933786395458029,0.902911439543848,0.81179980254194,0.913462245158578
"cg23071286",0.807256580443488,0.424195030498667,0.866678596624957,0.857697872446269,0.838438802151271,0.840781550750402
"cg16229649",0.89439660226287,0.431407956819243,0.877959908289936,0.88082188589628,0.86954859912254,0.845994277949794
"cg10750639",0.827632265105042,0.335839923608956,0.840895462730094,0.837488806019641,0.766913883478925,0.847125292701069
"cg03935228",0.902213717649617,0.232402222810752,0.868581591131727,0.766649679517276,0.676408515669001,0.901825268634083
"cg14783600",0.85158236320218,0.39951524735413,0.786710324225457,0.790837626632712,0.847430827548821,0.824433987341238
"cg03489166",0.836845307261047,0.300437374940185,0.850951914795949,0.802870514754882,0.703686685596227,0.848418951054202
"cg25753509",0.706227525295629,0.324997287295823,0.831686492704266,0.839625961018291,0.817472650469217,0.720951635949713
"cg16717990",0.803790000391058,0.275043070744229,0.850667451238494,0.808948999322726,0.696750083897855,0.819026758723821
"cg09299985",0.764140895094516,0.383837019601476,0.853823342184777,0.827647539276088,0.849053088768171,0.779706227238041
"cg13775629",0.849782778341146,0.278602667010637,0.861950976479833,0.847423074959205,0.678526913945658,0.84613202267334
"cg14712058",0.821747992158177,0.21137938235506,0.648970276504544,0.848170653168175,0.837665612888241,0.775698507616435
"cg02869364",0.81799334424548,0.24444824681826,0.880105764351236,0.850105484739362,0.774188202377056,0.796939790575368
"cg21141264",0.648804276609911,0.222779711634529,0.678032324365978,0.681612514366911,0.70141288235022,0.641050463165247
"cg18317199",0.688119145679758,0.248186305140571,0.794155935718432,0.7679156037195,0.694451480971064,0.694157470307228
"cg06997365",0.829800740900455,0.199006600468812,0.844010617869735,0.806417517289978,0.654527775657086,0.83404654352751
"cg15526318",0.841000805943277,0.207944231545609,0.798349853600966,0.765001665236531,0.586390851358204,0.82027768379431
"cg06893150",0.854268865201521,0.457868056662679,0.855405498131472,0.86764174810981,0.838597907942684,0.884667896954426
"cg15161691",0.771585266656142,0.260040562176528,0.810552785367866,0.750734139500916,0.674197666985378,0.772454660773911
"cg24567897",0.89423618355216,0.412359549329062,0.828594881256601,0.861059217742264,0.808113393518021,0.88697809852642
"cg04002181",0.830695606692149,0.182201465807169,0.850605733022298,0.815150005481687,0.654057856528927,0.820334666745659
"cg17768768",0.960455890846541,0.971727910828761,0.109670524271049,0.964114017848651,0.964812624311116,0.965084071931136
"cg11773391",0.904075551160163,0.900871272559708,0.0570952916439461,0.904102537512627,0.907834380059848,0.90100066033946
"cg24547614",0.905107762932248,0.889766486653624,0.0768403156142754,0.892542520859219,0.905405063705418,0.894927599981021
"cg21596498",0.868673102128433,0.887846297712295,0.0823034117962467,0.893611343947486,0.902095474843344,0.881591270215013
"cg08888322",0.867614229258486,0.873056374286006,0.0799350312723957,0.877640607206995,0.881974935781246,0.876158764709471
"cg03404796",0.89306449511262,0.903576978563038,0.087807097391875,0.925211172661078,0.914507106500907,0.889699297969813
"cg14936008",0.90496870170764,0.910303806911917,0.127757080428465,0.910592634298462,0.90527168520581,0.905651778651544
"cg08247449",0.867502435707188,0.867423212715372,0.0984499139677379,0.874712030404985,0.886279408396348,0.875452556816054
"cg18664915",0.861819663740868,0.881738647455625,0.0944139068647012,0.882325974488845,0.869534715818836,0.861342352134991
"cg01591579",0.959495514310987,0.965410124875711,0.197902988274272,0.959530304267367,0.961755916720908,0.958741206588905
"cg10610337",0.851560181104418,0.853253888360622,0.0966998977758156,0.872290930441781,0.883014243690958,0.85585329119757
"cg17368096",0.887998310847195,0.896280107320279,0.126821738125693,0.888579740383053,0.903721583629472,0.86773744195197
"cg16012473",0.855558362578066,0.886114315545336,0.0607966261754741,0.805982301337563,0.851441090869703,0.848209826830812
"cg04118467",0.871928117853336,0.8565381080046,0.11329883132121,0.875080405579551,0.865451762682852,0.873654834280189
"cg16058403",0.917564250857579,0.905568198882419,0.10422989545491,0.898294482718896,0.84109147819003,0.907391930070064
"cg03825736",0.834992362642756,0.827166479006717,0.0944560018783218,0.830279542149069,0.836835400427992,0.812223980546092
"cg23719798",0.85113485058611,0.86721303077058,0.133220355309815,0.878157662115137,0.869703401831393,0.868146366999001
"cg18300884",0.908062369831436,0.876087995163994,0.150247915365998,0.864901152616432,0.88700122929754,0.902915648640916
"cg17232476",0.858783236354319,0.858082642528029,0.0749648690497803,0.869269447609475,0.857979654509415,0.806122417529804
"cg04139873",0.861204614404732,0.872234161226675,0.142730467126649,0.880507106916558,0.873754738581665,0.853684124351113
"cg16069639",0.855383044288979,0.822663929090409,0.112723826312065,0.845339525508737,0.840766050548843,0.825376410640465
"cg17750900",0.872659003901347,0.873732218036309,0.140897293782595,0.893402066331576,0.886469883106247,0.845736620460247
"cg15242630",0.799569899239668,0.824227086555402,0.104595937890749,0.855678351349533,0.846291765838029,0.821185812820403
"cg25134567",0.794795906876855,0.827157535770015,0.100288178124806,0.835747583876789,0.831816663773266,0.834054106229014
"cg00166807",0.87144723932455,0.800124677054532,0.101432279863379,0.876644830776874,0.869849232239011,0.879847968790227
"cg03980424",0.919719906291593,0.898140659801173,0.133620716479914,0.826420332550975,0.908249007181086,0.899203371456079
"cg18552897",0.861815394861649,0.749265909014151,0.0614798684009872,0.786455966257331,0.802579342356061,0.855571718118801
"cg04811554",0.836919806561179,0.824995185149003,0.110019518510007,0.858029903892617,0.884723351843768,0.790894164680988
"cg04190888",0.887916047506446,0.879361771516286,0.202663308245595,0.8907568006393,0.881882628382955,0.893316127777804
"cg13836102",0.815127060910355,0.852401502884455,0.132290895062987,0.822050038613244,0.876395543997687,0.87482897397802
"cg05815405",0.870874344231322,0.864646374542759,0.172411332659967,0.863901188738084,0.84848894543355,0.876628353254459
"cg16576283",0.900521978360179,0.883205800879171,0.20002534168643,0.862625351719366,0.885179044526209,0.888755043658555
"cg15823461",0.82925868015512,0.788350097925202,0.072190367480651,0.866708820857614,0.748479551590005,0.830717569915974
"cg06625610",0.871756209365566,0.853122516884353,0.131840013018027,0.795341240094122,0.814507315826834,0.90009973718714
"cg22867858",0.907848610590515,0.894573977809151,0.203687531833094,0.866349230332081,0.891742000144288,0.902844738756251
"cg17774764",0.779349184428463,0.769429862464834,0.0778674811021797,0.752475267199343,0.770958020539377,0.799214014905795
"cg01148975",0.79120009342121,0.831579961618652,0.104583793662453,0.845370593232166,0.850895106828204,0.845781436795626
"cg09519972",0.743416035526826,0.883090894291693,0.0700568509142561,0.875420825764632,0.892186881467538,0.799357042347896
"cg16278407",0.816005847085346,0.771842469565081,0.122370005651915,0.787276247201226,0.786684903239134,0.826011854424493
"cg00346493",0.876701500849393,0.866562931917471,0.205540608554327,0.859355561211949,0.856500685425711,0.86677333870806
"cg13804141",0.909388150262088,0.87500932489863,0.108179644987546,0.821391408130775,0.794795705692683,0.907842740498767
"cg15004546",0.711473850520236,0.803802468777089,0.0778208761448132,0.801886752446657,0.807587324502146,0.814178552788748
"cg22445942",0.823370204622837,0.84493081874335,0.162315230605056,0.883357182461016,0.87247765554207,0.833268730062247
"cg20392201",0.862099812748139,0.845819526831012,0.105024073092362,0.766773217308338,0.788561981546744,0.874041115857588
"cg14750782",0.854559952841448,0.876236194712518,0.224226435124291,0.867867130454676,0.875944810437126,0.859380758734685
"cg00399880",0.822148769762086,0.823188389600054,0.145554394768494,0.794839968817691,0.839998708802702,0.819964233984727
"cg08495950",0.778304905442949,0.808336779229297,0.12322770703868,0.812534447885406,0.828396218386065,0.753093715678679
"cg04496578",0.894599002416165,0.914842155705757,0.222141466806513,0.920161033884986,0.921891134056158,0.854514319207439
"cg06881579",0.82555912465505,0.793158494821037,0.167100955396315,0.84224699555634,0.848385257638292,0.832356895717647
"cg21310814",0.812769332318828,0.790496635300093,0.10581992041035,0.845456732700149,0.825722829610864,0.798331979400185
"cg01623771",0.757965384880574,0.731383404487588,0.110381698156253,0.780933651542784,0.748137687898341,0.742648475179976
"cg09815212",0.679688919376138,0.722035199458139,0.0619330204626705,0.749067667110751,0.805269745066613,0.695458906618238
"cg06353167",0.798198989938074,0.720243885422612,0.0959993726690029,0.798201757392999,0.779895410050962,0.801633216146076
"cg27267011",0.877670210245139,0.861089954780979,0.244304351432797,0.873786398398643,0.894512386775232,0.870312685747353
"cg03140929",0.874699684288696,0.87237222264179,0.210401233984534,0.855909184589421,0.837918971704743,0.862545998684287
"cg20764621",0.884239941032307,0.857487486413333,0.195851931786792,0.840450984160906,0.825590958076426,0.851900362963907
"cg16706613",0.841941605928103,0.818235373371784,0.200628719896603,0.840593015528948,0.825940238974118,0.837122352890714
"cg25838060",0.903463167040948,0.900710798626988,0.144178674174205,0.88757074106665,0.901947372082324,0.770919580254797
"cg04593460",0.88651849550056,0.89448795646883,0.273231294091413,0.886665430503276,0.887208707884126,0.877363818487034
"cg04569532",0.890095968708966,0.880014639224709,0.269560852634399,0.876827405595485,0.884030100222254,0.880149879304778
"cg15791366",0.792893499566745,0.752006384984376,0.119579238992621,0.784378261690249,0.791862094468433,0.762454224014125
"cg23320300",0.86524057230094,0.884124134036445,0.239232189529719,0.886822004626612,0.888624193667401,0.847664665525752
"cg10057346",0.843474891046629,0.822967943660311,0.22617355214088,0.837394037604077,0.833573558823237,0.839505100818769
"cg05856556",0.835451023940531,0.82105565003462,0.084499671389112,0.676735749838145,0.776476060465243,0.866298032099276
"cg14726968",0.760881864204521,0.715258831139992,0.0788000153879432,0.878879867364223,0.890601235118307,0.838463324556194
"cg22831517",0.855256168183394,0.888601996418928,0.0704649152494206,0.892521325550262,0.89285731278061,0.684753963889503
"cg24667756",0.873487921294991,0.842185480819368,0.234320410502602,0.864617402089506,0.865473859553681,0.870207774270298
"cg23143512",0.819029817506513,0.824500766116226,0.232451478925145,0.827564721865451,0.836784514213925,0.811485510365556
"cg16325984",0.773791983428765,0.872284659907542,0.190653098612823,0.853115327369263,0.866524614397171,0.844428144832698
"cg00844756",0.890299436439293,0.884490168436382,0.285131789944536,0.890928277160631,0.868925659452378,0.89882321515253
"cg23223071",0.893417163168819,0.73942823474158,0.150378189868564,0.750296278190708,0.800246792025052,0.86234189212179
"cg15104291",0.740515238605344,0.812981290423058,0.14904976022579,0.782977300247883,0.803234952469315,0.753964822317605
"cg17831582",0.828712483987203,0.825952982354728,0.241949556050005,0.864256889599385,0.87603380581463,0.832357100315569
"cg03217233",0.90556260122508,0.916169139489094,0.326031482770085,0.908724691547656,0.913683290448319,0.898119522280849
"cg05257097",0.868348216484882,0.868356066305809,0.288810009058626,0.871297889743038,0.880117040946578,0.868172307746839
"cg04352288",0.961468184539412,0.935670404726704,0.336151172214161,0.912105600752762,0.950291645298092,0.932365623445756
"cg07921975",0.889734800276861,0.71193097938041,0.0781012763609455,0.840620755033095,0.815976759561987,0.661135332240105
"cg25673911",0.893387569659311,0.85849945006309,0.240286756127325,0.853865821608158,0.837669944450611,0.865426474750107
"cg27243847",0.626463502972101,0.668500232361855,0.0611079679419903,0.733633456083964,0.779730685568642,0.683051370010454
"cg04641694",0.804014254360414,0.689029441643179,0.0796195637016483,0.77722282549572,0.809690509147192,0.810611355220758
"cg25934954",0.691907774076698,0.717781713572575,0.106516108055106,0.794128546434141,0.804329259472927,0.700989413569779
"cg17528418",0.804115076987114,0.839973658411707,0.247946145178831,0.838095522141881,0.824836232955101,0.821503853639562
"cg12339921",0.671863508257544,0.666991037255748,0.0815367981244717,0.747014210073479,0.793112456865645,0.692974375253254
"cg02393092",0.874283675411432,0.889319524425006,0.31113343558608,0.886290383119868,0.896559490779454,0.87129560233722
"cg12932558",0.890922389378742,0.857172179314799,0.207304078653449,0.805920476689531,0.784778566152259,0.887404413590156
"cg11020333",0.924521687780263,0.917776194295705,0.363692046581734,0.918651129815099,0.922584795555935,0.918350651361851
"cg13443938",0.790137388508882,0.790587706847074,0.189041997640237,0.785847838868764,0.813458731211803,0.800381903011638
"cg11199827",0.935098561385251,0.916027375676113,0.32782582305781,0.919608305585943,0.890982808639423,0.920550257507858
"cg12282601",0.872118330908343,0.861681677470708,0.111124283879851,0.664129886517223,0.836908257126225,0.858658398500875
"cg24975610",0.738021761881253,0.754498864256848,0.189636446823544,0.747986902862765,0.752820699796445,0.769862109026074
"cg15884070",0.875704030216375,0.847900909870088,0.148200849361486,0.79435110491131,0.75025196311457,0.890532260046389
"cg07710833",0.870065810372536,0.848154502079447,0.24513698397115,0.831085209943262,0.817931906148215,0.84070748429466
"cg20081344",0.824562098338978,0.782763012512975,0.211089308717375,0.774756829946237,0.771507957608631,0.814947487658712
"cg14950134",0.823284444734319,0.818366478592723,0.179279292681304,0.810469050877545,0.811828508367525,0.755929961172559
"cg21554588",0.697765828594459,0.834770352810382,0.152170618920592,0.863340334356139,0.868706001777669,0.777923048283482
"cg14905514",0.796099229985508,0.810779007799503,0.240695125305488,0.825585023515419,0.826660823631354,0.792925146538672
"cg01316843",0.839902015184528,0.780180861922759,0.232564505157114,0.888913345689172,0.88425685023933,0.784719817409641
"cg09161446",0.859173447840134,0.802735060612228,0.26639977883578,0.820227316221301,0.818958010214927,0.869362452839501
"cg25472264",0.665241519573443,0.827619756052669,0.11874983163255,0.809050056984051,0.87200798918995,0.72597240133343
"cg18127678",0.893175790951285,0.897523491064034,0.295073907843633,0.858209882248105,0.897909924907543,0.901932535469572
"cg14318791",0.87374837332394,0.75187690857467,0.885648332687519,0.169988118797605,0.76147952792892,0.867955943091233
"cg04162316",0.925754735510311,0.921234920137434,0.940216599391464,0.40469059379892,0.849120318588293,0.941045545233289
"cg22324641",0.881012811821605,0.873716332413299,0.877696012460708,0.480391707394675,0.891148065269306,0.877305003922243
"cg16921643",0.908965012798048,0.887817080348385,0.895254531936898,0.432842588871817,0.82269049287173,0.903340505704638
"cg21782213",0.878030213530281,0.857756242442915,0.869911165542675,0.471277956319897,0.842979087918618,0.860270698466579
"cg05969889",0.910982919753389,0.905011652541801,0.903777666593372,0.517327053754197,0.878783869561583,0.916819446762878
"cg11728331",0.908446818137577,0.871889792476085,0.889531921022369,0.399396254987009,0.7637351275795,0.899953269253805
"cg00949794",0.909623441834968,0.848658991979943,0.873474289915244,0.336142544519018,0.710212912118077,0.904340919749427
"cg24048497",0.0591737012625202,0.0878119260086484,0.0660997065336355,0.717342366417537,0.328451223412279,0.0949636637297627
"cg27027151",0.248887103668141,0.156553165662637,0.0573843737114167,0.59191695404208,0.203985676414449,0.229172974439111
"cg09142587",0.643478115934188,0.588518330137333,0.659290103825135,0.257803183339998,0.657140857216086,0.679266981876234
"cg16887064",0.789446368460785,0.804677704456507,0.777203468718353,0.37733181952559,0.705020500760357,0.822479570400122
"cg22560812",0.901489906764784,0.849098018080312,0.812941697484512,0.256698655216614,0.669803275745764,0.902693927714705
"cg09527904",0.823835618373635,0.859239140428329,0.888690420649007,0.396887066210507,0.773570432304516,0.886369815668494
"cg01974478",0.91287073495326,0.855318970627934,0.917385298813217,0.480830349163273,0.806773571295849,0.94847342520618
"cg10425083",0.866032625766818,0.848655995799859,0.830624822138911,0.415602073183546,0.74620237250272,0.866951131488698
"cg03558688",0.890886044699424,0.888344173855954,0.887574788723126,0.44492649612684,0.776681189247438,0.870502080881866
"cg03834768",0.838445802966715,0.8339566898677,0.865588534222219,0.508397950347576,0.823520556754322,0.850156908411414
"cg20400639",0.864527911275631,0.847077260790971,0.850463389445305,0.400016108443229,0.758980022303952,0.873631679150636
"cg20766837",0.861757322208334,0.813495844003239,0.871923232931283,0.362522827106708,0.709379007730535,0.889601396667089
"cg27220979",0.861890694494648,0.866018140293643,0.868905597286313,0.385130101328686,0.706870219420315,0.864944682533302
"cg26957356",0.854357522684287,0.785515960412026,0.894655572961866,0.410688440225005,0.758212508104261,0.876188812673404
"cg23336105",0.826103016363809,0.73775939600055,0.771559293009314,0.459029152912285,0.769838608775157,0.840593872834617
"cg20737812",0.847248154497401,0.843736163935827,0.783012568667333,0.25667048826543,0.668280481654379,0.830361409150691
"cg09704146",0.863480683604974,0.848706669323239,0.780645733843571,0.342244793177403,0.673030619248315,0.876623259284031
"cg17383760",0.818318322268888,0.589083064147609,0.603141507998742,0.187310751226659,0.605193959579243,0.642883034892497
"cg22065498",0.246395011237379,0.174223773657993,0.341336463397702,0.66942732831538,0.31822521547683,0.234602453760348
"cg09555920",0.813186180316336,0.685744107182385,0.625078512788201,0.354067502076726,0.643418024390601,0.775067740207119
"cg04275506",0.735518647837653,0.722698713163556,0.838792014173807,0.221296927519056,0.545078629764429,0.554467157905639
"cg17864015",0.885472058011835,0.84713855669666,0.879142455668216,0.228092587572563,0.622311550286748,0.883130537331159
"cg11864477",0.717449210397393,0.654726894747837,0.721174173428565,0.259505863812213,0.576436161964354,0.646461032804182
"cg17939040",0.931664381879551,0.902163028521704,0.668117916075909,0.389950925588638,0.846434563239446,0.926156343529645
"cg15901949",0.0625120355267126,0.0829441059799936,0.168474851932009,0.4433301261168,0.182227219345307,0.0616174264624534
"cg04447764",0.688181288274533,0.635227310556254,0.694281070231878,0.235472436949524,0.547116533545434,0.709873960675573
"cg04350772",0.886426462197127,0.857515973405369,0.896708226158608,0.49944992738714,0.74556985510991,0.902967470412981
"cg08632701",0.791407930309066,0.863990821553532,0.840064697472042,0.466659825619968,0.773916316889202,0.798826342467011
"cg27492220",0.871204592655598,0.853624189071696,0.824765477182425,0.548084716417119,0.812191466019449,0.873639296772071
"cg15001636",0.806138626745677,0.846991847533111,0.891645595755439,0.475527051436448,0.774571035646048,0.881584431464323
"cg08709829",0.881640604792544,0.877612675363596,0.880148666318789,0.433648144341956,0.687995785338087,0.874817575598502
"cg02409364",0.661537902805811,0.700326976377797,0.745064608239731,0.2949219654885,0.606496126828092,0.66342392654367
"cg25633548",0.918916162024257,0.856842843704167,0.901391962651287,0.346946726930979,0.612615064900524,0.917759747685511
"cg00547365",0.752865994995834,0.793239039667269,0.804845454056683,0.461646281997571,0.724449226878048,0.766157268952596
"cg19739774",0.874001733671038,0.842421946929042,0.747080450051518,0.365762166537372,0.640815666013388,0.778431935674924
"cg06913966",0.0679392374584269,0.0797775456586108,0.0666467939317423,0.476108148759895,0.214585102267758,0.0630646303894155
"cg15158890",0.813337149199234,0.727158126178123,0.847034062075055,0.47978244866357,0.808077749752113,0.788214857618727
"cg05959780",0.898803812905929,0.851421937233886,0.89000868297031,0.545337647775687,0.786724781962338,0.904058002687751
"cg25236958",0.87245439956938,0.864000877686546,0.869268313681626,0.468757170246836,0.722172107815488,0.887289939223585
"cg16093235",0.86345728971682,0.666266522177024,0.848453097730932,0.43427827224497,0.670886049679728,0.867418937779409
"cg18374944",0.901996794119392,0.87179611891031,0.815560252504698,0.437295052586383,0.697112749096067,0.907235744498047
"cg10244976",0.970917962094291,0.928671515166375,0.929606173183893,0.452710419266602,0.735830854804899,0.976844315100468
"cg14281208",0.774897365770328,0.719444768406568,0.796745516333621,0.487757637678075,0.719297958014165,0.767564610630411
"cg06289617",0.820874971322928,0.749165930905164,0.814991168939716,0.163890802673594,0.466557201538893,0.850947762088553
"cg01584174",0.713189700687504,0.810049560657792,0.832267831857806,0.476960517023114,0.764129378341419,0.753099679532207
"cg11234772",0.657231193915731,0.780189673215705,0.846215133396626,0.433617718521558,0.731146776658013,0.719073514824106
"cg04337734",0.88680681936531,0.862695149126278,0.874196667841621,0.64527851729634,0.858827009144407,0.872042717537536
"cg25119415",0.712541658162542,0.824830432291905,0.767258834378793,0.363474413816446,0.680337438276946,0.824737075343911
"cg00103299",0.807826354324011,0.737489301390545,0.703193822184629,0.132394957324565,0.422076662419835,0.802033149266399
"cg23341805",0.821248960944592,0.796595659098905,0.830980363165863,0.501684898835783,0.746463040127708,0.818119638782427
"cg21544935",0.847250879241558,0.752074658259209,0.837422105942442,0.400804750243082,0.67851570821835,0.86876692226073
"cg03927470",0.833614191250492,0.844838798936259,0.882674488928138,0.423161701748347,0.667380301968592,0.713056587476812
"cg08229340",0.834433213462409,0.785842609177738,0.806983394731575,0.560153417799434,0.765253745998447,0.820216914282488
"cg08884752",0.746307429401685,0.82643833119641,0.81637279544879,0.10787483417909,0.354191174001733,0.684415310296019
"cg00440980",0.862092662814334,0.711827572238857,0.865567595123826,0.127961524291309,0.401851921024297,0.779676167964358
"cg06796314",0.074079621815726,0.0858923526651547,0.0955549444880987,0.635419954253962,0.346309033465504,0.0848472883493566
"cg07844563",0.875879016086295,0.8598904372268,0.870236039799284,0.672472734634788,0.883913278704132,0.884692727518571
"cg00617860",0.88441302181822,0.887214370723935,0.884392529293306,0.643262369981266,0.845767347800713,0.890951114805953
"cg25178077",0.752679307740359,0.797600953533349,0.842644991855952,0.473936283396849,0.772842519634062,0.728406171404051
"cg04429789",0.91813591434918,0.907954977369944,0.899153956298752,0.660102774167637,0.866930233352905,0.913484009020398
"cg07141504",0.0899672688360638,0.156136859191579,0.204895249651675,0.477953576111664,0.261125686208286,0.0867197735844852
"cg03537184",0.884003697966102,0.87767526179182,0.902459206260074,0.488292552159343,0.730766814680089,0.904353651499056
"cg14113931",0.739495838637952,0.710788482476023,0.815122746464325,0.468619088904731,0.6839085182129,0.753186763478335
"cg06240652",0.847418249285207,0.801968170421342,0.737148734172775,0.514406763716033,0.721472901783016,0.842790442691264
"cg00783080",0.859973128791272,0.864079879327653,0.86666480091288,0.656284764829353,0.870955640698579,0.860268269269696
"cg08030438",0.128576388318917,0.121878732831701,0.0942478792424148,0.412454986899074,0.178422794150691,0.0914054221143473
"cg04462662",0.871923444794749,0.843425813607103,0.8320103934473,0.550626918158796,0.784541529649815,0.870315304731247
"cg05325633",0.867150560604683,0.846702223173672,0.845738703479409,0.482183617988317,0.689789799621845,0.874406749926579
"cg14515199",0.143519680005833,0.106635185744687,0.264691773831374,0.782845534134285,0.53936457506838,0.122546014187076
"cg11145273",0.891008921346614,0.849212239000185,0.807963235174356,0.61266899161094,0.815351624036397,0.878837410290373
"cg19646414",0.896155025165689,0.88071587749664,0.901047053728163,0.633033693802171,0.839178554947029,0.907744650948351
"cg04381962",0.895727803946928,0.887886185678771,0.877438874264284,0.578231925866602,0.778774737706636,0.895670617179602
"cg15070710",0.860554467336901,0.791356167060518,0.782130818355613,0.561290582868165,0.759725669431919,0.854223390190116
"cg12491115",0.650341773784155,0.732471660912921,0.541407930535411,0.326618270924005,0.539333679548673,0.50955312862877
"cg08629869",0.873703226119793,0.839408108084352,0.851133734412991,0.625898236018499,0.81673982795847,0.860612733067047
"cg08543630",0.900534586699074,0.875299428147681,0.914021073375734,0.678511856105308,0.860774734693597,0.896351424467214
"cg01588249",0.848000676036199,0.779386767195292,0.835744564511647,0.589402075078143,0.808939679387829,0.830580226854551
"cg15627281",0.223452288391698,0.0881165390392213,0.217429674103698,0.443627679861694,0.175334774664642,0.137234873482713
"cg16347927",0.838849579131558,0.826342609764565,0.846568983565006,0.491493781374267,0.733928983855822,0.861667434152305
"cg08840164",0.0904675510796025,0.0862017392859236,0.232428628470247,0.427364526042583,0.175066282160508,0.083132981181802
"cg18739602",0.618231972024343,0.592767978969564,0.566323022585986,0.331017218426138,0.563873025274792,0.60672783191073
"cg14680131",0.692380781879385,0.39777830474933,0.476161636897815,0.201051473407097,0.456700528337562,0.383393028849311
"cg04602414",0.899424282918268,0.873620100464724,0.642478142917446,0.459183928755189,0.761067827567843,0.899613876844188
"cg25036145",0.72432720627234,0.77093551399263,0.869142750840644,0.324402202848139,0.604742524448074,0.747580908457474
"cg20799941",0.891112131387855,0.873477534951011,0.891604959134228,0.663148653385356,0.850866504828678,0.889332851240997
"cg20591136",0.931434278852633,0.938310142449698,0.950416162993967,0.756276584585263,0.938630553093593,0.953114210652728
"cg25212381",0.653374688092378,0.659683368192123,0.656545143041403,0.322843593684357,0.55518456300296,0.638848674514378
"cg15132866",0.753608838103933,0.768803525530155,0.791915039266481,0.556237835820874,0.722309562645874,0.738616239655036
"cg16028499",0.709710949228548,0.648112692780845,0.589358986733941,0.404262409992282,0.59160952199311,0.698830471286645
"cg24920933",0.836362519769823,0.838286045779317,0.869711918426707,0.576462413698837,0.781247892537851,0.818166719598267
"cg10761804",0.103472975435943,0.124900895598963,0.0881407618517895,0.530168700175667,0.322938460393729,0.0828235651187564
"cg09505426",0.664179877685364,0.724853758088613,0.803797702005518,0.348060035657062,0.588402207359292,0.820859706113776
"cg22091063",0.745045418707407,0.554172338975641,0.614404333247599,0.589719828014662,0.147120690633045,0.69597543859549
"cg04087102",0.797371900570311,0.769168333632049,0.782243132002421,0.735758643723036,0.326291748361436,0.791191793186382
"cg16460111",0.83404569440992,0.630130717583531,0.812418944386804,0.594128497500199,0.21860655254435,0.828909414134374
"cg04658357",0.861815410243491,0.826814207075609,0.835975015636676,0.677851064246414,0.351581657305874,0.839091198861479
"cg16681873",0.716398403220428,0.704635891345683,0.777906059335,0.492620972247857,0.154920127478356,0.733813602554022
"cg22213242",0.890162899094761,0.881820564687284,0.866683159369588,0.872953454034985,0.562789549595593,0.885703156153498
"cg02203103",0.821019021707055,0.767141479926485,0.837355376528758,0.741892014401939,0.45267246085268,0.834525364585602
"cg14374132",0.869297540290962,0.68216709818337,0.591891403813006,0.505673043569259,0.177345461848912,0.859911289707203
"cg08747006",0.199246549975174,0.335578647835627,0.234712521151648,0.415908524867788,0.699600484386766,0.183673991942214
"cg07707586",0.784511875079782,0.626457012340618,0.82890021312176,0.57953405376634,0.301681583888456,0.824132877954707
"cg21681637",0.741728661274943,0.530582791536343,0.766743074382596,0.46316341588874,0.178812786365343,0.737790064452666
"cg08783928",0.826253043171448,0.631553203812017,0.826252229129042,0.576482829942705,0.278639329177774,0.791241563746842
"cg19482025",0.0842112001436397,0.326939185546823,0.109054163793014,0.413245134830061,0.695304442809603,0.0698064975319682
"cg25269447",0.230844403192012,0.442963502823418,0.421651299378298,0.309251067950115,0.76128740409097,0.203887485443504
"cg01649465",0.909135948633494,0.842889627823825,0.887274090986414,0.737147584327359,0.46316015695379,0.909165692990381
"cg09559348",0.076238992252471,0.287070209095539,0.0755004430077397,0.317446554802079,0.58981877929996,0.0830573561810621
"cg06955687",0.604369400912754,0.500464087962947,0.541504427143218,0.500855424508372,0.208837275176242,0.610902682901775
"cg08172426",0.750442330987792,0.572744462523636,0.726539615695245,0.461934224738949,0.200835786177813,0.738861273251381
"cg07921327",0.841516454009556,0.761818135175184,0.832437309413505,0.754545700035776,0.528795587519643,0.823413505758327
"cg16829755",0.819397084598295,0.62908373286893,0.82874577167389,0.559053422013559,0.279961474030437,0.858743405042741
"cg03293732",0.870864881033665,0.375912163734337,0.48491165319258,0.465161330644572,0.157372059289687,0.894641117838735
"cg15234492",0.308848275213648,0.348687984732676,0.426742574054832,0.383276218838754,0.688045539318595,0.271518019466781
"cg03692606",0.229014942806708,0.342069429511354,0.346853629370594,0.413315821876053,0.621894262198146,0.243177885333974
"cg17855943",0.0573426703205375,0.503362641361319,0.404469810161417,0.440249688525191,0.75336343674414,0.0566589975216425
"cg02198513",0.226509933042048,0.445969297020608,0.109330485127387,0.51539894570525,0.773027480270656,0.217853252614967
"cg09774741",0.738415491239921,0.757620558177212,0.80583085104922,0.448691445296305,0.225151312120903,0.735186336414901
"cg15363638",0.745061628850643,0.685656315387311,0.690290106983461,0.528440107583297,0.251736735810321,0.705178946074633
"cg27477043",0.0488255977377992,0.108208312495867,0.0363825693850062,0.148349200490822,0.330987600733386,0.0373074664709693
"cg23456595",0.897807799589754,0.460466505075279,0.627180911479564,0.52550523358158,0.245931640056306,0.921261490214023
"cg01474925",0.908865260140959,0.882278751034778,0.899690909269601,0.872355337344467,0.682623555017476,0.905693045586583
"cg10254620",0.0680991755533655,0.503364790943143,0.0611649095215367,0.51463560366895,0.730641372825565,0.0714259960424661
"cg04791659",0.110265832817802,0.116627814189923,0.0741752461900694,0.245339718185829,0.444247849418774,0.169352526151543
"cg26660631",0.713796339737663,0.311817197748059,0.643444776929984,0.409565422566457,0.129558421899183,0.714561946940266
"cg20340242",0.133451691837041,0.47449444893382,0.356995103872392,0.524936202762561,0.735533220768585,0.0968256169368083
"cg21797094",0.84450661059523,0.861614088310771,0.857933642761102,0.68862675446242,0.495403606417274,0.852743637869962
"cg24495643",0.0776482159620545,0.212741576580323,0.193823583966156,0.415612870888254,0.63091705615606,0.0800388390041785
"cg25554283",0.0312236975009474,0.0403393137978381,0.0470827593415992,0.070111289257801,0.242518045322461,0.0336969578274829
"cg01059100",0.199336724271082,0.287346877890792,0.146312362129261,0.489405902960273,0.690559211329121,0.0644053864115563
"cg08155444",0.148677658008781,0.143290552688636,0.102348611606684,0.205131204623164,0.434328179574507,0.125579866349788
"cg00041829",0.898059062618744,0.609855333187935,0.875691508753905,0.520932817582836,0.272243254488184,0.894202387703909
"cg00335428",0.75481042460198,0.703945138183654,0.734640276333013,0.696873813894145,0.540058219437096,0.736923770191111
"cg14728380",0.413823076580836,0.355348299449282,0.514112845515957,0.380469861008396,0.143642920550316,0.427774613511576
"cg11124069",0.133704490881437,0.32614102568906,0.267649443880526,0.464677499850394,0.643497368529907,0.169302208835298
"cg03559915",0.716622287070229,0.336883649575109,0.479767328483877,0.280159874976757,0.111752958383176,0.746563558470587
"cg03867702",0.256278173800926,0.353853261457568,0.269841859073657,0.479011293066179,0.654479496550111,0.238732891097601
"cg20773673",0.866730984593545,0.745116735327683,0.832179930876253,0.748661961143208,0.591973225857648,0.860027602196491
"cg25630069",0.761654577659797,0.722128289742797,0.792560300627812,0.664320825557072,0.506880985734192,0.765672792511338
"cg03481855",0.873658593700224,0.303664477270363,0.578113461903793,0.325950878738162,0.134754532672116,0.876400713573808
"cg20453134",0.0779951534635279,0.457339143166127,0.118313425912552,0.592087727838317,0.740246176443108,0.0860886295819304
"cg07175635",0.776242686274778,0.75543254978066,0.732662927601112,0.716173736919935,0.588471622714114,0.781294358258915
"cg16781287",0.68778994056225,0.420312149437068,0.772679838436658,0.342214097532755,0.196606510694012,0.724503674698246
"cg08418872",0.904158268427211,0.402587340281386,0.952080020049721,0.721401237309941,0.225523691392492,0.941968995841229
"cg08777095",0.843867960845751,0.575302291568906,0.809802294358251,0.296147032157884,0.0904613738190682,0.829195061334529
"cg05018899",0.0740000156070159,0.265520617316115,0.283942697721492,0.314171114845157,0.451180575656698,0.0766201720554824
"cg24630957",0.132976765861118,0.227342792968705,0.0891268297053908,0.261407345457668,0.398769309360447,0.0828267163006482
"cg20572931",0.18458943051657,0.198037513953376,0.135596292836857,0.278224164710581,0.409048587237837,0.205668763972334
"cg20594304",0.0721311931450512,0.13510117307068,0.0727100333835406,0.183280070949804,0.319394293406757,0.0712668643241371
"cg06233202",0.0923139581925922,0.471193468483828,0.357168076902511,0.522961497745071,0.672319308423877,0.0901087299707088
"cg23918379",0.114504171582316,0.195979018506763,0.0818014325045105,0.259896738563437,0.392491173913376,0.138472439632939
"cg26371931",0.82867951489084,0.731691693031526,0.790125195775868,0.725840735133346,0.586074272220766,0.827968348200278
"cg01592226",0.9006203330733,0.34593814216791,0.711241243561222,0.280772732615624,0.12523428471416,0.900724556774929
"cg10967532",0.388540401654242,0.366702500096415,0.361179759501989,0.349984544212631,0.190944650745615,0.392772330755841
"cg20129796",0.199467079743154,0.504837567709547,0.221962067139232,0.550834295956509,0.689277034860557,0.24880291225162
"cg25195158",0.0809476805628558,0.0888187020347737,0.0803987841228154,0.108868348614959,0.234473024448383,0.0733546936233504
"cg11518102",0.140723419921498,0.649700225405783,0.332736261356543,0.606936810867681,0.793706183324049,0.546022549634023
"cg15686762",0.723239981027117,0.462880082053276,0.730639284717616,0.483745032737347,0.281408824419463,0.683209743214657
"cg15925952",0.860571959443581,0.25416543696882,0.808300523360511,0.585124586220606,0.121780130652557,0.852960273479291
"cg06689816",0.056491093007466,0.331472247044324,0.261481523518017,0.579731061251238,0.732238807570571,0.0736791783339283
"cg17028595",0.893520846951112,0.81351747469428,0.845170203205448,0.835677257207643,0.688654196949477,0.887318840256474
"cg11061343",0.100139712550215,0.507174060453478,0.34598892390321,0.645379994448175,0.77419275680503,0.0843950018419139
"cg23502963",0.0553841997751448,0.48949703689399,0.0495627256317992,0.435020062131,0.626828627049791,0.0578952372901376
"cg08198590",0.889314052510093,0.866435446369261,0.885876630246336,0.691330258050333,0.458351971975517,0.880229384902257
"cg23594345",0.40320368972981,0.584659615968221,0.0826134498475989,0.692008484866235,0.869275556026377,0.229340914079816
"cg24059871",0.822812309038413,0.802712737261888,0.825669119124349,0.832073751039836,0.696176432488042,0.828537486964836
"cg21035493",0.726851653958651,0.689631360146066,0.832093167828884,0.683118269793575,0.555509669781146,0.800290851553967
"cg07382357",0.626177538024352,0.49503460799588,0.518407341394272,0.427043486487011,0.296618230335553,0.592193358243178
"cg07760161",0.71687270982581,0.427469741042513,0.705140414392312,0.255415682151527,0.150595019385329,0.739633095986979
"cg13074055",0.500243226198403,0.61895207411593,0.0936088246348781,0.694972698283533,0.862839992994309,0.368998625989691
"cg15796366",0.0832047599543896,0.320729695946168,0.105596019928335,0.324368615564774,0.462609064182905,0.087520401992345
"cg26347509",0.0762286400796226,0.519869027394987,0.600582808701775,0.270535984169774,0.745283137909103,0.0675716146723613
"cg07145783",0.321268673270848,0.429186608944224,0.333505178001921,0.554454754756355,0.660419143420168,0.354106066464074
"cg16107927",0.0961631898278306,0.370247670746031,0.251381019619971,0.643351691956129,0.791799602942053,0.076791119441571
"cg08790067",0.4064359445845,0.497032245733134,0.201996356914607,0.417729829814902,0.610345547489849,0.399000520152133
"cg11211259",0.0916362398804513,0.164052681964612,0.164156470533184,0.316136220800058,0.454060763620145,0.105410625513781
"cg17022560",0.788453506150461,0.725882693491544,0.688880901833355,0.683017788672984,0.54568897311823,0.804652119612918
"cg27529346",0.826019594423151,0.432589110411164,0.696268498186244,0.343273844728673,0.152551516520234,0.800173656712854
"cg03570824",0.645190291291536,0.550750780909018,0.626010990007308,0.520641606089513,0.407292890668408,0.631808375254407
"cg12827852",0.074641612522898,0.355724029199532,0.0865705997282598,0.529077618149124,0.657596951763091,0.0539083506036102
"cg17388328",0.243546784731507,0.529690953215902,0.404198375964592,0.601269517932649,0.695189369003701,0.132941062639259
"cg02927990",0.730410043246442,0.369396951363134,0.528370951080852,0.342496637754627,0.16432290638038,0.764572278828388
"cg04448700",0.0492054549249017,0.470531774205613,0.053740309413237,0.697761422356169,0.839583576567122,0.0440290561594472
"cg14760880",0.0600123167583095,0.138234151982456,0.0781072971041225,0.190850860631399,0.287298714551147,0.0569616031478139
"cg08941853",0.110400165749573,0.515386301216568,0.3499750283979,0.548973890501134,0.675205159002452,0.123482483752541
"cg19902228",0.55566500107973,0.42954976462724,0.494704001254848,0.41231151933441,0.314138162375932,0.555519447680351
"cg14132982",0.855952266527861,0.788258641428574,0.728791586297644,0.767562256163204,0.619780980031462,0.867038274033048
"cg01742398",0.757484792584488,0.680744768421119,0.702655745516028,0.684692227288299,0.570864356133966,0.763236763136559
"cg07397572",0.433534214586235,0.264203410511692,0.572451062482774,0.584921344052507,0.70980874686549,0.452790028328346
"cg00669330",0.865207626710511,0.536432250106538,0.821906510945579,0.308916020547994,0.190446125306917,0.854689994425015
"cg01659052",0.873970332332134,0.881457335997627,0.874966527104671,0.874542683937284,0.781654779637577,0.880990579498805
"cg16447142",0.222443326946656,0.671088908842447,0.476284878677514,0.637027839816435,0.771775369527495,0.266374649400878
"cg22675702",0.800344031297433,0.856021031061748,0.825759412312801,0.847323327841281,0.858702110438117,0.14316148280691
"cg21610657",0.861174063428627,0.906510970132977,0.930348828171627,0.92406865838108,0.914055515597051,0.214631005237013
"cg00771778",0.82176067045821,0.900339209678994,0.900854025663724,0.916180414080846,0.898439341903185,0.185472434562531
"cg23391288",0.903614447271269,0.897741485543938,0.855330012965049,0.834486205772719,0.875088236732858,0.233408138547412
"cg05923857",0.793723654146483,0.920807139669465,0.931261850042374,0.846804286367968,0.913153183578359,0.157012609014073
"cg12274883",0.842674713931561,0.867039963239288,0.807195202166061,0.870699339054313,0.854460857062686,0.246673438353297
"cg00904947",0.895843226295861,0.875714822741308,0.889290804249233,0.855876482379791,0.844296087733114,0.303582061392213
"cg07124416",0.864637473024544,0.830417006610337,0.692928837987359,0.828328632191643,0.756969321871992,0.118558050124031
"cg25862038",0.799431253660583,0.760096221083092,0.850708267745428,0.785655829124056,0.786396653940257,0.203907273010977
"cg01319874",0.641337058422534,0.701655767258369,0.690732293084583,0.713201217782257,0.663305124082659,0.0885748963689318
"cg05242065",0.784715937987538,0.891004583818061,0.836125702457602,0.744377568952604,0.864806214149785,0.224451433963144
"cg07475825",0.780065157627254,0.83542588828534,0.83525746837417,0.839293435339317,0.853180892307215,0.273087538534944
"cg19845320",0.614822453740582,0.644716827575634,0.66476630789888,0.79452765026944,0.821723079884923,0.125580595301595
"cg06963503",0.811612430779548,0.867738076682079,0.850662104185178,0.885261674923281,0.885019309438764,0.324520632441379
"cg20462999",0.882402125318741,0.874715837213595,0.729529993689658,0.865474718436322,0.8834729353754,0.24329393766074
"cg07979390",0.834095219418755,0.82528843704747,0.85667036325357,0.812120090345637,0.807810272841805,0.320893030032307
"cg23423086",0.825117030443674,0.858182225343105,0.853452545312214,0.885220305094882,0.871305368133343,0.368880979130002
"cg13122415",0.875687139742883,0.865717691101484,0.802549037354736,0.870002217127448,0.856911745674596,0.345636584883023
"cg05700617",0.543155549668761,0.719495109788961,0.581571563194788,0.768195583886836,0.768565611655297,0.0711908338259607
"cg26519310",0.647925563991419,0.767809068282157,0.884632692440647,0.881798734270569,0.896949942760452,0.168423073397678
"cg09859507",0.807775113128853,0.848057953138751,0.856826888270779,0.816115132769356,0.820395310176409,0.356320730761941
"cg22985240",0.6519291623708,0.862667011328223,0.846121623474262,0.868109965699332,0.873299635006711,0.185016848964697
"cg12470404",0.568990757090657,0.710874963546648,0.560848855901708,0.836720555834953,0.85300055625208,0.123635379684623
"cg12312386",0.604075557140164,0.63566413039866,0.805530724094288,0.866240936104514,0.821208210681101,0.176611905861314
"cg08892166",0.742632399438067,0.637227313394992,0.673224174574326,0.881676302890884,0.869155047018215,0.138657998262157
"cg16264777",0.541439239541808,0.72311599809849,0.815572715510192,0.780247605787105,0.780643794780799,0.107369877462962
"cg17413460",0.805110434578235,0.757790535902121,0.744239483479524,0.821405641237494,0.830341382947482,0.303464681723265
"cg18823710",0.75730504273236,0.794486654210839,0.816196334629908,0.780653021102942,0.792438267216301,0.333579361108451
"cg08694574",0.637564500242119,0.890079130695636,0.900476663816632,0.911156590377203,0.905073963592337,0.207886243370824
"cg05743220",0.554010109779998,0.68800213277333,0.682222966151003,0.626082008447692,0.55998594934847,0.121252313843665
"cg23719713",0.865905701571764,0.879534914502231,0.881896211481798,0.903177084384553,0.863571925889744,0.344333018221301
"cg02002788",0.63628533619278,0.655096502208387,0.518303168979682,0.749641228501648,0.771745050347904,0.103818975563138
"cg05669832",0.83429214397908,0.904283916938381,0.657475293695271,0.899736332575982,0.914876724987929,0.246842024305854
"cg21357729",0.829217721132097,0.816558808370904,0.787436312430512,0.804360693951608,0.798442960438337,0.395061665392792
"cg11375638",0.71652256038529,0.743668302179776,0.724376826579581,0.726596472412253,0.672287406633396,0.256213041282329
"cg19959921",0.590885664988788,0.873766759918042,0.81765912595206,0.877551635655447,0.871678325322984,0.174063353859328
"cg17060838",0.654472813131221,0.887086024948313,0.855761324587155,0.889693594035508,0.894840269492632,0.25036906964163
"cg21819305",0.483715845828374,0.685709654147794,0.777928245357268,0.784965097036688,0.807659190497345,0.10240829530397
"cg13684826",0.703726441679481,0.82438415929666,0.618284111904415,0.812911895792637,0.820201497008957,0.202988504090841
"cg04502834",0.699917332196488,0.842577209428972,0.73958483062873,0.861396857137335,0.862076842302251,0.322915164733694
"cg21235678",0.829707826253281,0.823562031293623,0.854816044829835,0.814511658677392,0.794554327632459,0.436392380728392
"cg20076126",0.889841425122981,0.890974247569265,0.888030392232993,0.885919108100043,0.891646139861472,0.514675311170889
"cg23458145",0.574903642859427,0.663914766379378,0.641336774318164,0.735969063149339,0.799962383530215,0.210446393250688
"cg10101707",0.824433958373428,0.840729591166027,0.842503006989673,0.878941723081314,0.900349831459658,0.454370920542567
"cg06835726",0.861492284933534,0.797351101791967,0.767924201860345,0.766723371443341,0.778085716034643,0.389852687620652
"cg26673980",0.741619754495668,0.797005693722762,0.784722539295062,0.747927071110472,0.762634370507071,0.384843650280481
"cg07827130",0.893140738185975,0.867216273211893,0.877598122313378,0.87552676932841,0.862094841542989,0.510245239070837
"cg24684432",0.244862642813478,0.104423488150265,0.375916570883698,0.130678610416459,0.0891272013542132,0.771012175219678
"cg17117981",0.485923491234626,0.897382063854053,0.841283905914904,0.901797658933844,0.920470765119864,0.122693333930671
"cg03187795",0.852761496442895,0.853035097724366,0.740289200047471,0.863461342704267,0.860954704607728,0.372356048044893
"cg18283844",0.754441675566679,0.887775882149796,0.871313581334963,0.889780822234526,0.891384139036288,0.38883395396523
"cg12928479",0.646330191989001,0.728086457620667,0.766974289182059,0.780120487190471,0.786967701910054,0.310104282840998
"cg09756010",0.772897444605516,0.846694138765796,0.853921473067517,0.890181994749158,0.898596231375857,0.406914170371596
"cg22249252",0.867364305522425,0.886211536636411,0.830179256960533,0.880088466531057,0.889339578111344,0.493995486287265
"cg27444614",0.53617921947253,0.858851422078339,0.651352047793055,0.80895502994982,0.823714690641785,0.155611409398597
"cg20114455",0.756094480699174,0.818182365089021,0.510716876866564,0.825578485208708,0.850116840910645,0.167664110382042
"cg19904783",0.707466107275636,0.814257383653388,0.861596034062312,0.824043434830982,0.822761955865436,0.37804685903537
"cg18678599",0.458443076867482,0.87340452509398,0.882899752477454,0.885989286292828,0.891254163508136,0.11630576105195
"cg03764313",0.438200224149107,0.77649841855971,0.764499241917694,0.773482356646158,0.806857284753471,0.0982305588595407
"cg21574494",0.681439682938544,0.889041845444267,0.886403268381301,0.888680607996726,0.889940550660002,0.344393598934627
"cg03904891",0.600114386712656,0.846172663844566,0.854982709046942,0.853293761798423,0.859707075999393,0.284123842784729
"cg09404495",0.771280673309941,0.683607530138981,0.5075090794634,0.757339331484397,0.76677861851775,0.13342496087232
"cg02497428",0.850705012168639,0.849440143500245,0.859639413804771,0.861112696774907,0.866925127111374,0.52998303948463
"cg16240769",0.719126851849314,0.857778853228015,0.692095950284923,0.933074543752341,0.922240698034814,0.306749626740502
"cg07637085",0.475571676974816,0.886850019814892,0.899811522377439,0.85044311766215,0.88106569217201,0.147057613256612
"cg04791145",0.767022615629373,0.790665667942701,0.827096592969823,0.804591405093244,0.836050488039897,0.411884487392977
"cg15397930",0.425987314269654,0.749486421697554,0.834059992438725,0.793785431378521,0.851273837361038,0.106511051721013
"cg02884270",0.664814585519714,0.726878557573364,0.748745137260551,0.694983089184498,0.699190299205185,0.346280484801237
"cg03509643",0.44983008453269,0.8333112987141,0.821831389951889,0.813195248944784,0.801274430339271,0.108994574710964
"cg26868111",0.768102494947293,0.74871697237925,0.774938683704209,0.755933029341809,0.703908480752061,0.218019762108444
"cg00996273",0.486447494106677,0.81964324031385,0.840079798096118,0.855470066414729,0.803337813968218,0.122736253495653
"cg12688435",0.615380265649153,0.599075341989227,0.69404348200513,0.79741644977252,0.787580231342424,0.278463934627731
"cg04977760",0.743980726940306,0.84807382465225,0.733208070010862,0.877072528090823,0.882466968078764,0.396651501133914
"cg01860912",0.770074500477241,0.877990968724865,0.857902000442921,0.759638669421719,0.825676404627018,0.44353533365358
"cg09519120",0.537086866782339,0.702540304355549,0.748893045521189,0.691528244664629,0.757461739105955,0.207278656417978
"cg12786065",0.562094480707573,0.6349630156429,0.709262877720612,0.702503535968822,0.725806770499018,0.23110650934211
"cg04322378",0.399426249146326,0.628687991679789,0.748379840290887,0.663620918294827,0.805442167048466,0.0834085044439044
"cg00227271",0.814814412887923,0.810061361154998,0.82861921720737,0.833214424726429,0.848163233223868,0.487550559881377
"cg13022387",0.821447892935151,0.815084794281198,0.716525862919134,0.8033787507056,0.817911022360946,0.396694384863378
"cg16546976",0.74843037139848,0.853197489806956,0.827181314474119,0.824861090792336,0.809432065966822,0.428878440433152
"cg13142210",0.439407966976842,0.809692540234587,0.527202827757873,0.855393397688534,0.867271692512999,0.111142752316135
"cg01236347",0.523600344965484,0.846481202979404,0.797719447363085,0.829939306472542,0.848136298046385,0.182150268936812
"cg23843709",0.575883062665755,0.791731506667611,0.834187256527516,0.672697616092456,0.807682518312801,0.280614315725358
"cg26262576",0.463745269071477,0.515087911274471,0.688653488850421,0.525301515712386,0.565179286158972,0.137952759410668
"cg15656917",0.439520782860205,0.794595630942766,0.687060442400916,0.70105412130272,0.803395057919447,0.126988297154457
"cg16869006",0.506199173297965,0.53954055949203,0.727633617625566,0.504749339574061,0.530340543872205,0.156558401033516
"cg05612205",0.768719141341601,0.784324731617724,0.830615871692416,0.776610523495151,0.774452762062259,0.452184067449305
"cg03461120",0.483113674533912,0.727871516700214,0.747019861792219,0.777542475644777,0.754414970007493,0.177740119008811
"cg17947198",0.587658616154398,0.616704465937495,0.720523799177404,0.690096480958694,0.687973200739714,0.257526562770045
"cg06894612",0.448959016313072,0.786402008433585,0.750307209604075,0.787318412143106,0.807156361537521,0.152561244890993
"cg22908922",0.821135554940901,0.842875799664379,0.794000081191258,0.851234337317969,0.851781282350719,0.488794866151699
"cg24758545",0.59690528940034,0.736962704063713,0.75019645688843,0.822472353432964,0.822549797264867,0.268288354357267
"cg18403852",0.75756856012015,0.818687604536229,0.81567218952685,0.77818469678291,0.78062122612181,0.439423251808645
"cg11019853",0.772839007470705,0.823537992659762,0.813747366778484,0.84276066047702,0.831108935646108,0.481818550682831
"cg17095850",0.678333341180333,0.809933256880557,0.704491373040497,0.816685640972241,0.822359485978559,0.371877982387941
"cg24941435",0.829254731927271,0.770800037426687,0.846205182564918,0.870084526427098,0.880331010035854,0.491160554604397
"cg03674983",0.856236790813673,0.829103223529564,0.768849676642355,0.825330226302192,0.844588736930186,0.489936462304569
"cg10107338",0.683107657261158,0.779875422559128,0.700456101716652,0.813322237075583,0.772311458957247,0.381300611942638
"cg05785120",0.868616787991778,0.899883679389874,0.896809042896754,0.903848486601483,0.916440917209363,0.580847297540299
"cg05962781",0.498099751496313,0.851087492278172,0.813602626221042,0.823597192194173,0.864977163643192,0.198004948118109
